{
  "test_acc": 0.8046511627906977,
  "test_f1_macro": 0.7883295104747478
}