{
  "test_acc": 0.8883720930232558,
  "test_f1_macro": 0.8767445856573542
}