{
  "test_acc": 0.9046511627906977,
  "test_f1_macro": 0.9015606854178527
}