{
  "test_acc": 0.9511627906976744,
  "test_f1_macro": 0.948026276530289
}