{
  "test_acc": 0.8186046511627907,
  "test_f1_macro": 0.7954400356145467
}