{
  "test_acc": 0.9069767441860465,
  "test_f1_macro": 0.8924249801017824
}