{
  "test_acc": 0.9534883720930233,
  "test_f1_macro": 0.9450119721192486
}