{
  "test_acc": 0.913953488372093,
  "test_f1_macro": 0.9032237840961103
}