{
  "best_val_acc": 0.8868501529051988,
  "best_val_loss": 0.3450375213387454,
  "epochs_run": 18
}