{
  "best_val_acc": 0.963302752293578,
  "best_val_loss": 0.10803702924776515,
  "epochs_run": 30
}