{
  "best_val_acc": 0.908256880733945,
  "best_val_loss": 0.25938964022226657,
  "epochs_run": 20
}