{
  "best_val_acc": 0.9418960244648318,
  "best_val_loss": 0.1638643851657526,
  "epochs_run": 30
}