{
  "best_val_acc": 0.9113149847094801,
  "best_val_loss": 0.3056668543487514,
  "epochs_run": 11
}