{
  "best_val_acc": 0.9663608562691132,
  "best_val_loss": 0.12117493104201027,
  "epochs_run": 17
}