{
  "best_val_acc": 0.9663608562691132,
  "best_val_loss": 0.1286465729794512,
  "epochs_run": 27
}