{
  "best_val_acc": 0.8409785932721713,
  "best_val_loss": 0.46224952509643835,
  "epochs_run": 29
}