{
  "best_val_acc": 0.8287461773700305,
  "best_val_loss": 0.49461983504280765,
  "epochs_run": 24
}