{
  "best_val_acc": 0.981651376146789,
  "best_val_loss": 0.09857560711875786,
  "epochs_run": 17
}