{
  "best_val_acc": 0.9602446483180428,
  "best_val_loss": 0.11956086712647286,
  "epochs_run": 22
}