{
  "best_val_acc": 0.9418960244648318,
  "best_val_loss": 0.16363877269926422,
  "epochs_run": 36
}